"UG1325263","UG63","150602","1","UG182","13223"
"UG1325264","UG1325260","1","2","UG58","أمر التوريد"
"UG1325265","UG133","4858","1","UG353","8018"
"UG1325266","UG63","150603","1","UG182","13224"
"UG1325267","UG63","150604","1","UG182","13225"
"UG1325268","UG133","4859","1","UG353","8019"
"UG1325269","UG1325268","1","2","UG265","Doc1"
"UG1325270","UG43","465523","1","UG145","6764"
"UG1325271","UG63","150605","1","UG182","13226"
"UG1325272","UG30","54681","1","UG80","89-2799/903"
"UG1325273","UG133","4860","1","UG353","8020"
"UG1325274","UG1325273","1","2","UG265","Doc1"
"UG1325275","UG63","150606","1","UG182","13227"
"UG1325276","UG133","4861","1","UG353","8021"
"UG1325277","UG63","150607","1","UG182","13228"
"UG1325278","UG1325276","1","2","UG265","Doc1"
"UG1325279","UG1325272","1","2","UG58","أمر التوريد"
"UG1325280","UG43","465524","1","UG145","6763"
"UG1325281","UG63","150608","1","UG182","13229"
"UG1325282","UG133","4862","1","UG353","8022"
"UG1325283","UG1325282","1","2","UG265","Doc1"
"UG1325284","UG86","31574","1","UG232","2306"
"UG1325285","UG63","150609","1","UG182","13230"
"UG1325286","UG1325284","1","2","UG236","مستند1"
"UG1325287","UG30","54682","1","UG80","89-2799/904"
"UG1325288","UG43","465525","1","UG145","6766"
"UG1325289","UG63","150610","1","UG182","13231"
"UG1325290","UG133","4863","1","UG353","8023"
"UG1325291","UG1325287","1","2","UG58","أمر التوريد"
"UG1325292","UG63","150611","1","UG182","13232"
"UG1325293","UG1325290","1","2","UG265","Doc1"
"UG1325294","UG63","150612","1","UG182","13233"
"UG1325295","UG86","31575","1","UG232","2307"
"UG1325296","UG63","150613","1","UG182","13234"
"UG1325297","UG43","465526","1","UG145","6765"
"UG1325298","UG1325225","1","2","UG265","مصوغات التعيين"
"UG1325299","UG1325295","1","2","UG236","مستند1"
"UG1325300","UG63","150614","1","UG182","13235"
"UG1325301","UG1325225","2","2","UG265","مستندات 1"
"UG1325302","UG1325123","1","2","UG265","مصوغات تعيين"
"UG1325303","UG1325123","2","2","UG265","مستندات1"
"UG1325304","UG63","150615","1","UG182","13236"
"UG1325305","UG1325120","1","2","UG265","مصوغات تعيين"
"UG1325306","UG63","150616","1","UG182","13237"
"UG1325307","UG1325120","2","2","UG265","مستندات1"
"UG1325308","UG133","4864","1","UG353","8024"
"UG1325309","UG63","150617","1","UG182","13238"
"UG1325310","UG86","31576","1","UG232","2308"
"UG1325311","UG43","465527","1","UG145","6767"
"UG1325312","UG1325117","1","2","UG265","مصوغات تعيين"
"UG1325313","UG63","150618","1","UG182","13239"
"UG1325314","UG1325117","2","2","UG265","مستندات1"
"UG1325315","UG1325114","1","2","UG265","مصوغات تعيين"
"UG1325316","UG1325114","2","2","UG265","مستندات1"
"UG1325317","UG30","54683","1","UG80","89-2784/11/905"
"UG1325318","UG133","4865","1","UG353","8025"
"UG1325319","UG1325318","1","2","UG265","Doc1"
"UG1325320","UG1325317","1","2","UG58","أمر التوريد"
"UG1325321","UG1325111","1","2","UG265","مصوغات تعيين"
"UG1325322","UG1325111","2","2","UG265","مستندات1"
"UG1325323","UG43","465528","1","UG145","6768"
"UG1325324","UG1325106","1","2","UG265","مصوغات تعيين"
"UG1325325","UG1325106","2","2","UG265","مستندات1"
"UG1325326","UG133","4866","1","UG353","8026"
"UG1325327","UG1325326","1","2","UG265","Doc1"
"UG1325328","UG1325100","1","2","UG265","مصوغات تعيين"
"UG1325329","UG1325100","2","2","UG265","مستندات1"
"UG1325330","UG133","4867","1","UG353","8027"
"UG1325331","UG1325330","1","2","UG265","Doc1"
"UG1325332","UG30","54684","1","UG80","84-1521/906"
"UG1325333","UG43","465529","1","UG145","6769"
"UG1325334","UG1325310","1","2","UG236","مستند1"
"UG1325335","UG133","4868","1","UG353","8028"
"UG1325336","UG1325335","1","2","UG265","Doc1"
"UG1325337","UG1325332","1","2","UG58","أمر التوريد"
"UG1325338","UG43","465530","1","UG145","6770"
"UG1325339","UG133","4869","1","UG353","8029"
"UG1325340","UG1325230","1","2","UG265","مصوغات التعيين"
"UG1325341","UG1325339","1","2","UG265","Doc1"
"UG1325342","UG1325230","2","2","UG265","مستندات 1"
"UG1325343","UG43","465531","1","UG145","6771"
"UG1325344","UG86","31577","1","UG232","2309"
"UG1325345","UG1325344","1","2","UG236","مستند1"
"UG1325346","UG43","465532","1","UG145","6772"
"UG1325347","UG43","465533","1","UG145","6773"
"UG1325348","UG86","31578","1","UG237","1491"
"UG1325349","UG133","4870","1","UG353","8030"
"UG1325350","UG1325349","1","2","UG265","Doc1"
"UG1325351","UG1325348","1","2","UG236","مستند1"
"UG1325352","UG43","465534","1","UG145","6774"
"UG1325353","UG86","31579","1","UG237","1492"
"UG1325363","UG1325362","1","2","UG265","Doc1"
"UG1325355","UG1325353","1","2","UG236","مستند1"
"UG1325356","UG86","31580","1","UG237","1493"
"UG1325357","UG1325356","1","2","UG236","مستند1"
"UG1325358","UG86","31581","1","UG237","1494"
"UG1325359","UG1325358","1","2","UG236","مستند1"
"UG1325360","UG86","31582","1","UG237","1495"
"UG1325361","UG1325360","1","2","UG236","مستند1"
"UG1325362","UG133","4871","1","UG356","2849"
